GCC,Clang,Polygeist + MLIR,MLIR-DaCe
0.016458,0.016113,0.028924,0.017566
0.016408,0.015961,0.028638,0.011421
0.016450,0.015931,0.028687,0.011414
0.016550,0.016013,0.028702,0.011458
0.016491,0.016002,0.028730,0.011442
0.016474,0.015879,0.028719,0.011445
0.016489,0.016154,0.028847,0.01146
0.016459,0.015974,0.028717,0.011439
0.016452,0.016061,0.028775,0.01146
0.016383,0.015926,0.028732,0.011441
