GCC,Clang,Polygeist + MLIR,MLIR-DaCe
0.021330,0.022324,0.024213,0.022397
0.021082,0.022129,0.024183,0.016874
0.021353,0.022439,0.024177,0.016856
0.021182,0.022153,0.024176,0.016838
0.025202,0.022504,0.024222,0.016944
0.021249,0.022151,0.024201,0.016852
0.021437,0.022417,0.024215,0.016849
0.021206,0.022210,0.024157,0.016852
0.021251,0.022145,0.024206,0.016847
0.021200,0.022250,0.024194,0.016843
