GCC,Clang,Polygeist + MLIR,MLIR-DaCe
1.718674,1.718660,3.291062,1.718071
1.701422,1.710383,3.302311,1.71251
1.696552,1.701789,3.305624,1.715119
1.683678,1.693454,3.303742,1.712176
1.716667,1.708671,3.304602,1.710155
1.684438,1.684366,3.305091,1.709706
1.725619,1.704410,3.304091,1.709475
1.713244,1.690402,3.311207,1.709607
1.684644,1.711033,3.304204,1.709593
1.703249,1.715814,3.304222,1.709805
