GCC,Clang,Polygeist + MLIR,MLIR-DaCe
1.700088,1.697761,3.284499,3.381499
1.692170,1.690850,3.284464,3.374909
1.698821,1.697444,3.278608,3.381333
1.690148,1.688496,3.282654,3.374592
1.700160,1.698286,3.280007,3.372788
1.690795,1.689618,3.277026,3.371957
1.700718,1.704540,3.289636,3.374547
1.690333,1.690090,3.280293,3.378923
1.699266,1.698271,3.283809,3.375409
1.692397,1.688619,3.289901,3.371924
