GCC,Clang,Polygeist + MLIR,MLIR-DaCe
0.282075,0.270909,0.441207,0.356486
0.280992,0.269833,0.472603,0.31015
0.281707,0.268945,0.442346,0.311419
0.280822,0.270377,0.440509,0.309611
0.281858,0.269695,0.440227,0.311421
0.280649,0.269720,0.441047,0.309828
0.281441,0.269418,0.440137,0.31145
0.281043,0.270542,0.440910,0.309773
0.281874,0.269655,0.440337,0.311486
0.280836,0.270980,0.440931,0.309614
