GCC,Clang,Polygeist + MLIR,MLIR-DaCe
0.746561,0.743384,1.571982,0.693692
0.744934,0.743671,1.571917,0.693382
0.746334,0.742795,1.571954,0.69257
0.744846,0.743992,1.572169,0.692698
0.744562,0.742428,1.571735,0.692545
0.746674,0.742924,1.572042,0.692368
0.745961,0.742950,1.571812,0.692327
0.744065,0.743502,1.571630,0.69242
0.744794,0.743506,1.571692,0.692385
0.746142,0.743586,1.572083,0.692454
