GCC,Clang,Polygeist + MLIR,MLIR-DaCe
0.004787,0.004388,0.009358,0.008104
0.004784,0.004375,0.009359,0.008086
0.004785,0.004370,0.009353,0.008083
0.004788,0.004368,0.009355,0.008076
0.004789,0.004377,0.009353,0.008077
0.004784,0.004381,0.009353,0.008075
0.004789,0.004385,0.009353,0.00808
0.004787,0.004388,0.009354,0.008075
0.004787,0.004375,0.009354,0.008074
0.004787,0.004378,0.009354,0.008076
