GCC,Clang,Polygeist + MLIR,MLIR-DaCe
28.678665,26.073522,35.331631,0.356486
35.363036,26.054823,27.940985,0.31015
33.219642,26.540048,28.134139,0.311419
27.761501,30.707190,33.920651,0.309611
32.795009,26.322070,28.186405,0.311421
29.730096,34.512005,28.785577,0.309828
28.238040,26.339153,28.268893,0.31145
28.025868,26.426441,34.670415,0.309773
25.331167,26.405285,29.552580,0.311486
25.329072,26.183324,31.624183,0.309614
