GCC,Clang,Polygeist + MLIR,MLIR-DaCe
29.453835,28.968846,28.202504,0.366337
29.649519,32.342724,28.056247,0.317291
29.363037,29.033399,28.122043,0.318711
29.672175,28.900397,28.146949,0.317288
29.522937,28.988730,28.148017,0.318646
35.522459,28.909297,28.095542,0.317262
29.446013,28.977678,28.175344,0.31863
29.536308,28.856343,28.034727,0.317155
29.464566,29.011058,28.132739,0.318642
29.547138,28.985211,28.064772,0.317436
