GCC,Clang,Polygeist + MLIR,MLIR-DaCe
0.448901,0.441088,0.814732,0.46624
0.464720,0.454280,0.815306,0.459498
0.454468,0.449309,0.814867,0.460806
0.450807,0.448800,0.813010,0.459611
0.448668,0.449239,0.814699,0.456963
0.450660,0.446401,0.814559,0.457922
0.465900,0.454428,0.814832,0.457125
0.457530,0.446445,0.814963,0.456979
0.455788,0.453367,0.814761,0.457964
0.450778,0.449799,0.814519,0.457703
