GCC,Clang,Polygeist + MLIR,MLIR-DaCe
1.080873,0.439357,0.802737,0.826041
1.080972,0.439124,0.803174,0.818122
1.080970,0.439349,0.801684,0.818845
1.081821,0.438404,0.803211,0.819033
1.080869,0.439244,0.802618,0.81547
1.080740,0.443250,0.803178,0.815475
1.080942,0.465564,0.802833,0.816948
1.080981,0.447400,0.802173,0.815924
1.081241,0.457548,0.801554,0.815642
1.080910,0.457721,0.803120,0.816095
