GCC,Clang,Polygeist + MLIR,MLIR-DaCe
0.012592,0.013477,0.015319,0.011203
0.012525,0.013568,0.015399,0.005682
0.012626,0.013431,0.015319,0.005458
0.012598,0.013507,0.015381,0.00542
0.012636,0.013487,0.015338,0.005483
0.012606,0.013663,0.015381,0.005599
0.012549,0.013445,0.015375,0.005695
0.012608,0.013298,0.015388,0.005408
0.012581,0.013313,0.015348,0.005419
0.012596,0.013447,0.015372,0.005482
