GCC,Clang,Polygeist + MLIR,MLIR-DaCe
2.518553,2.554130,3.599006,2.530867
2.524417,2.565690,3.611625,2.528293
2.523061,2.552175,3.612380,2.51989
2.520120,2.563856,3.610978,2.520035
2.523428,2.555485,3.607098,2.520123
2.513116,2.551249,3.609217,2.519681
2.505461,2.563042,3.601190,2.51967
2.513803,2.554257,3.606102,2.519623
2.505800,2.543637,3.610323,2.51967
2.513688,2.558980,3.606552,2.519429
