GCC,Clang,Polygeist + MLIR,MLIR-DaCe
2.195770,2.066992,4.446445,1.128921
2.142730,2.130975,4.418188,1.129196
2.156949,2.019157,4.445037,1.128867
2.156767,2.154436,4.415052,1.129119
2.154037,1.980162,4.411823,1.128775
2.155467,1.985479,4.444995,1.129541
2.154681,1.982143,4.432592,1.12918
2.237103,1.986231,4.432966,1.1279
2.149913,1.976212,4.453418,1.128603
2.305154,1.991864,4.422007,1.128668
