GCC,Clang,Polygeist + MLIR,MLIR-DaCe
1.776781,1.788951,2.494335,1.782134
1.811549,1.755406,2.493882,1.773465
1.776715,1.763764,2.513241,1.767913
1.794251,1.773136,2.470442,1.768471
1.779108,1.780255,2.465679,1.763775
1.779561,1.758732,2.494077,1.758274
1.795058,1.774698,2.457761,1.757358
1.773531,1.769736,2.480452,1.751674
1.809950,1.779007,2.516168,1.75161
1.779240,1.772472,2.480361,1.750847
