GCC,Clang,Polygeist + MLIR,MLIR-DaCe
14.987372,14.073234,19.677608,12.860819
15.426200,14.241934,19.695126,12.792962
15.195491,14.267850,19.681369,12.812584
13.988443,14.125833,19.754769,12.80649
14.529473,14.195063,19.715514,12.80301
15.118751,14.193377,19.693691,12.800829
15.265373,14.103153,19.692178,12.825717
15.371739,14.228727,19.486160,12.799397
15.034721,14.055238,19.675802,12.786389
15.278948,14.236828,19.688522,12.80399
