GCC,Clang,Polygeist + MLIR,MLIR-DaCe
4.414344,4.435661,8.640356,19.733458
4.413471,4.422854,8.641800,19.722181
4.414492,4.429862,8.647307,21.210546
4.410361,4.422806,8.647022,21.265676
4.480285,4.437380,8.650341,21.255698
4.413489,4.433292,8.636946,21.185435
4.466781,4.428205,8.644261,21.241894
4.410081,4.443377,8.642264,21.096785
4.425250,4.423299,8.653495,21.12316
4.415214,4.439949,8.642570,21.152853
