GCC,Clang,Polygeist + MLIR,MLIR-DaCe
7.726208,4.339361,11.658962,15.097249
7.741731,4.312003,11.651796,15.08271
7.731103,4.352481,11.656786,15.069135
7.757531,4.319126,11.832631,15.089126
7.729531,4.354411,11.661174,15.075364
7.737894,4.336638,11.652094,15.062945
7.727664,4.315507,11.657937,15.074416
7.733554,4.317463,11.652277,15.057153
7.724087,4.351562,11.654442,15.073532
7.739985,4.315401,11.646789,15.055505
