GCC,Clang,Polygeist + MLIR,MLIR-DaCe
1.582964,1.560957,2.239228,2.242796
1.573328,1.570004,2.236283,2.228771
1.557842,1.600939,2.227952,2.230184
1.549717,1.588818,2.234617,2.23793
1.584605,1.571845,2.244293,2.253912
1.554929,1.561989,2.232567,2.252219
1.584246,1.573904,2.277768,2.249879
1.559275,1.601082,2.267754,2.251481
1.577645,1.568692,2.262477,2.250365
1.555438,1.606391,2.267875,2.260295
