GCC,Clang,Polygeist + MLIR,MLIR-DaCe
1.348582,1.406387,1.478331,1.329162
1.344873,1.403149,1.492710,1.321711
1.346035,1.384337,1.444358,1.322527
1.343521,1.382205,1.485109,1.319564
1.346511,1.388550,1.464621,1.317391
1.339647,1.404204,1.480907,1.31689
1.350034,1.398585,1.488377,1.316399
1.343550,1.390804,1.481476,1.316465
1.345838,1.411587,1.476768,1.316811
1.344325,1.400373,1.480960,1.316814
