GCC,Clang,Polygeist + MLIR,MLIR-DaCe
0.715926,0.717782,0.771203,0.690262
0.711942,0.716483,0.772537,0.685608
0.715591,0.717823,0.771901,0.686713
0.715907,0.716516,0.772866,0.687829
0.712697,0.717663,0.770771,0.681766
0.713249,0.716394,0.778429,0.682457
0.712061,0.718241,0.773398,0.681719
0.713253,0.716395,0.771213,0.683057
0.715839,0.717716,0.773150,0.681527
0.712353,0.716888,0.771307,0.68223
