GCC,Clang,Polygeist + MLIR,MLIR-DaCe
0.994587,0.999548,1.956661,0.961748
0.994224,0.989885,1.948822,0.958239
0.988751,0.980364,1.957435,0.958821
0.997706,0.997786,1.952999,0.959015
0.996576,0.992406,1.955449,0.955724
0.994365,0.990257,1.951217,0.955711
0.997850,0.999656,1.957527,0.95549
0.995811,0.991901,1.956328,0.955607
0.988996,0.990018,1.948931,0.955732
0.999670,0.997621,1.957626,0.955637
