GCC,Clang,Polygeist + MLIR,MLIR-DaCe
3.914934,3.935982,8.647267,3.982111
3.916374,3.913908,8.648191,3.966321
3.922978,3.941983,8.647818,3.968632
3.917878,3.907791,8.646317,3.963673
3.912005,3.938101,8.647164,3.962403
3.922072,3.897222,8.649643,3.961957
3.921448,3.937681,8.647162,3.962241
3.924724,3.903314,8.650145,3.961414
3.927011,3.903803,8.656231,3.956281
3.922715,3.904335,8.653144,3.95728
