GCC,Clang,Polygeist + MLIR,MLIR-DaCe
1.897534,1.903275,4.219890,15.097249
1.893670,1.906455,4.223793,15.08271
1.897461,1.902764,4.219699,15.069135
1.893744,1.903905,4.223678,15.089126
1.898777,1.902474,4.219849,15.075364
1.897230,1.906640,4.223382,15.062945
1.893607,1.900677,4.219972,15.074416
1.897377,1.906458,4.223366,15.057153
1.889627,1.902933,4.220079,15.073532
1.897295,1.906581,4.223208,15.055505
