GCC,Clang,Polygeist + MLIR,MLIR-DaCe
1.706393,1.705034,3.291485,1.696011
1.709605,1.704886,3.294326,1.691219
1.705938,1.708930,3.293182,1.691877
1.709833,1.705197,3.293851,1.68928
1.705993,1.709196,3.291932,1.687229
1.709661,1.704378,3.288409,1.686904
1.705971,1.708839,3.291943,1.687027
1.710293,1.705155,3.292622,1.686948
1.706161,1.708191,3.294252,1.686992
1.709113,1.706871,3.292202,1.686867
