GCC,Clang,Polygeist + MLIR,MLIR-DaCe
2.505693,2.551766,3.593439,2.539286
2.499658,2.539401,3.589695,2.532722
2.506532,2.539158,3.593250,2.524396
2.500109,2.545122,3.589607,2.52377
2.506147,2.539293,3.592805,2.523426
2.501057,2.552820,3.589345,2.524663
2.505635,2.544059,3.594240,2.523939
2.500958,2.546815,3.590426,2.523908
2.513394,2.542993,3.593687,2.523718
2.500545,2.546886,3.590103,2.523969
