GCC,Clang,Polygeist + MLIR,MLIR-DaCe
0.994899,0.989447,1.943131,1.001196
0.991562,0.992052,1.945660,0.996262
0.987918,0.988156,1.943266,0.997519
0.991660,0.992878,1.948121,0.997089
0.987547,0.988855,1.943066,0.994268
0.988070,0.991882,1.945708,0.994252
0.990509,0.985462,1.945346,0.994328
0.986933,0.991646,1.943109,0.994677
0.991001,0.989324,1.942969,0.994359
0.987919,0.991902,1.945790,0.994534
