GCC,Clang,Polygeist + MLIR,MLIR-DaCe
0.568000,0.339000,0.410000,0.305
0.536000,0.357000,0.427000,0.064
0.524000,0.346000,0.415000,0.055
0.515000,0.347000,0.417000,0.049
0.522000,0.348000,0.426000,0.049
0.508000,0.351000,0.423000,0.049
0.511000,0.353000,0.411000,0.05
0.515000,0.349000,0.408000,0.05
0.509000,0.352000,0.413000,0.049
0.511000,0.363000,0.419000,0.051
