GCC,Clang,Polygeist + MLIR,MLIR-DaCe
0.600000,0.342000,0.416000,0.102
0.531000,0.347000,0.416000,0.062
0.527000,0.346000,0.408000,0.05
0.525000,0.357000,0.409000,0.049
0.524000,0.360000,0.415000,0.049
0.523000,0.347000,0.409000,0.049
0.516000,0.342000,0.408000,0.05
0.493000,0.346000,0.408000,0.049
0.523000,0.333000,0.415000,0.05
0.526000,0.348000,0.413000,0.054
