GCC,Clang,Polygeist + MLIR,MLIR-DaCe
0.745981,0.743370,1.572024,0.769651
0.746884,0.743115,1.572190,0.77021
0.746533,0.743328,1.571642,0.769523
0.744180,0.743077,1.571798,0.769356
0.746569,0.743409,1.571915,0.769674
0.744215,0.742971,1.572298,0.769104
0.744198,0.763039,1.571621,0.769143
0.745569,0.743521,1.571592,0.769181
0.744568,0.743549,1.571924,0.769093
0.758106,0.744045,1.571864,0.769206
