GCC,Clang,Polygeist + MLIR,MLIR-DaCe
34.963797,32.953275,29.842165,0.354639
28.061719,30.895515,28.933223,0.306614
33.784809,28.765698,31.032178,0.308022
33.186851,33.076438,28.284728,0.305572
32.114077,31.925211,30.104637,0.307712
33.001681,34.700966,29.240788,0.305313
32.202128,34.484449,29.008086,0.307277
32.774553,32.579857,32.788064,0.306709
33.044458,29.649187,28.160214,0.30734
32.194738,28.790259,35.563836,0.306641
