GCC,Clang,Polygeist + MLIR,MLIR-DaCe
2.404489,1.999667,4.487018,1.415811
2.242860,2.081228,4.421397,1.416304
2.148280,2.088578,4.462468,1.416067
2.342040,2.149667,4.420855,1.416111
2.144982,2.073834,4.412843,1.41597
2.161493,2.140732,4.465118,1.416111
2.148645,2.165180,4.403976,1.415961
2.156525,2.134785,4.467914,1.415911
2.155997,1.994131,4.441573,1.415984
2.148974,2.226591,4.438784,1.415966
